Question,Option_A,Option_B,Option_C,Option_D,Correct_Answer
"As environmental technicians, we must be up to date with which types of laws?",Local laws,State laws,Federal laws,All of these,D
"For the EPA 608 Universal Certification, how many questions will you receive?",100,50,25,125,A
"If you need to get Type III certification, which of the following will be on your exam?",50 questions - 25 Core questions and 25 Type III questions,100 questions - 25 from each Type,25 questions - Only Type III questions,50 questions - 25 Type I and 25 Type III questions,A
What is the passing grade for all EPA certifications?,70%,60%,80%,90%,A
"Once you pass the EPA exam, the regulations you learned will never change. Is this statement True or False?",True,False,,,B
Do natural events like volcanic eruptions contribute to chlorine in the stratosphere?,"Yes, chlorine can come from natural sources such as volcanoes, but they are not the primary source","No, volcanoes do not release chlorine","Yes, and they are the only source of chlorine","No, chlorine only comes from refrigerants",A
Ground level ozone is what absorbs and reflects harmful UV rays from the sun. Is this statement True or False?,True,False,,,B
In which of the following ways does ozone depletion affect humans?,Increased risk of skin cancer,Increased risk of cataracts,Both A and B,Neither A nor B,C
Is there evidence that refrigerants are in the stratosphere?,Yes,No,,,A
Which of the following statements is TRUE about chlorine?,A single chlorine atom can survive in the atmosphere for years,Chlorine dissolves instantly in water,Chlorine is heavier than ozone and sinks immediately,Chlorine is harmless to the ozone layer,A
Ozone has __ atoms of oxygen.,3,2,1,4,A
The majority of ozone is located in the Troposphere. Is this statement True or False?,True,False,,,B
"How many molecules of ozone can ""three"" molecules of chlorine destroy?",300000,100000,600000,20000,C
What is the major function of ozone in the stratosphere?,Absorb and reflect UV rays from the sun,Regulate the earth's temperature,Provide oxygen for breathing,Filter out air pollutants,A
What is the primary source of chlorine in the Stratosphere?,Emissions of refrigerant chemicals such as CFCs and HCFCs by humans,Volcanic eruptions,Ocean spray,Industrial smoke stacks,A
Which element is primarily responsible for stratospheric ozone depletion?,Chlorine,Fluorine,Carbon,Hydrogen,A
Which of the following are effects of ozone depletion?,Decreasing crop yields,Increased global warming,More frequent hurricanes,Higher sea levels,A
Which refrigerant chemicals are responsible for the destruction of the ozone layer?,CFCs and HCFCs,HFCs and HFOs,Ammonia and Propane,CO2 and Nitrogen,A
Who does ozone depletion affect?,People all over the world,Only people in the southern hemisphere,Only people near the poles,Only technicians handling refrigerants,A
The Clean Air Act states that it is a violation to purposely vent refrigerants that deplete ozone.,True,False,,,A
"After a refrigerant is phased out, can technicians still service existing systems that use it?","Yes, if they are 608 certified and use recovered or reclaimed refrigerant",1995,2000,2010,A
"In 2025, a technician repairs an R-22 system and needs to add refrigerant to finish the job. Since new production and imports are banned, which sources are allowed for servicing this equipment? (Select all that apply)",From stock recovered R-22 refrigerant only if recovered from the same customer's system,From stock reclaimed R-22,Both A and B,Neither A nor B,C
Can refrigerant be resold?,"Yes, but only if it has been reclaimed to AHRI Standard 700 specifications",None of the above,Both A and B,Neither A nor B,A
Equipment has to be certified to EPA standards in order to recover which of the following refrigerants? (Select all that apply),CFCs,HCFCs,HFCs,All of the above,D
"If you are selling R-22 refrigerant, who can you sell to? (Select all that apply)",A technician with Section 608 certification,A business that employs a technician with Section 608 certification,Both A and B,Neither A nor B,C
"If you recover R-12 refrigerant, can you use the recovered refrigerant in another device owned by a different person?","Yes, but only if it has been reclaimed to AHRI Standard 700 specifications",None of the above,Both A and B,Neither A nor B,A
"In the United States, when were all CFCs phased out by?",1995,1995,2000,2010,A
"In the United States, when were R-22 and R-142b phased out?",2020,1995,2000,2010,A
"In the United States, when will all HCFCs be phased out?",2020,1995,2000,2010,A
Which of the following records must be kept for an R-22? (Select all that apply),Type of refrigerant,Dates,Quantity of refrigerant,All of the above,D
Section 608 of the Clean Air Act is:,Federal law,None of the above,Both A and B,Neither A nor B,A
State and local regulations _______ (Select all that are true),Have to be followed in addition to federal CAA regulations,May be stricter than federal CAA regulations,Both A and B,Neither A nor B,C
The Venting Prohibition requires that you recover affected refrigerant before (Select all that apply):,Opening equipment,Servicing equipment,Disposing of equipment,All of the above,D
"A scrap yard is taking in old rooftop units. Under Section 608, who must verify that all refrigerant has been removed before disposal?",The final person in the disposal chain,None of the above,Both A and B,Neither A nor B,A
What appliances do Section 608 regulations apply to?,Freezers,None of the above,Both A and B,Neither A nor B,A
What does SNAP stand for?,Significant New Alternatives Policy,Safe New Alternatives Policy,Super New Alternatives Policy,Standard New Alternatives Policy,A
"On August 15, 2017, a contractor was cited for two separate Clean Air Act violations. Each violation persists for three consecutive days (Aug 15–17). Based on the 2017 penalty schedule, what is the maximum total civil fine?","$267,234","$10,000","$25,000","$50,000",A
What change did the 2016 Kigali Amendment make to the Montreal Protocol?,Added a global phase-down schedule for HFCs due to their climate impact,None of the above,Both A and B,Neither A nor B,A
What is the purpose of Section 608? (Select all that apply),To protect the ozone layer,To regulate use of chemicals that deplete ozone,Both A and B,Neither A nor B,C
What is the purpose of SNAP? (Select all that apply),To evaluate alternative refrigerants,To further the goals of the CAA,To consider effects of substitute refrigerants on humans,All of the above,D
What do you do if you discover that you have added Refrigerant B to a system that contained Refrigerant A? Consider that Refrigerant A is ozone-depleting.,Recover the mixture in a separate recovery cylinder,None of the above,Both A and B,Neither A nor B,A
Who can perform refrigerant recovery from small appliances prior to final disposal?,Any individual with proper equipment,None of the above,Both A and B,Neither A nor B,A
What other appliances do Section 608 regulations apply to? Select the best answer.,Both of the above,None of the above,Both A and B,Neither A nor B,A
What penalties can technicians face if they violate the Clean Air Act? (Select all that apply),They may lose their Section 608 certification,They may face federal charges,They may be fined,All of the above,D
Which of the following scenarios are not considered de minimis releases? (Select all that apply),A catastrophic rupture after the appliance was run far past the recommended service date,Releases when servicing a system because recovery was not done with certified equipment,Both A and B,Neither A nor B,C
Which of the following are excluded from Section 608 refrigerant management requirements? (Select all that apply),Carbon dioxide,Water,Nitrogen,All of the above,D
Which of the following are violations of the CAA Venting Prohibition? (Select all that apply),Release of refrigerants because appliances were not recovered,Refrigerants released when disconnecting non low-loss hoses to service an appliance,Both A and B,Neither A nor B,C
Which of the following are considered natural refrigerants? (Select all that apply),R-290,R-600a,R-744,All of the above,D
Which of the following do you not need Section 608 certification to purchase?,Nitrogen,None of the above,Both A and B,Neither A nor B,A
Which of the following is a CFC? (Choose all that apply),R-11,R-12,Both A and B,Neither A nor B,C
Which of the following is an HCFC? (Choose all that apply),R-22,None of the above,Both A and B,Neither A nor B,A
Which of the following refrigerants does the Venting Prohibition cover?,"CFCs, HCFCs, and HFCs",None of the above,Both A and B,Neither A nor B,A
Which organization can test your recovery equipment used to service a system with R-12?,Both (A) and (B),None of the above,Both A and B,Neither A nor B,A
Who does not need to maintain proper records of refrigerants?,The EPA,Technician's home address,Copy of driver's license,Receipt of purchase,A
Which of the following scenarios are not considered de minimis releases? (Select all that apply),A catastrophic rupture after the appliance was run far past the recommended service date,Releases when servicing a system because recovery was not done with certified equipment,Both A and B,Neither A nor B,C
Equipment that uses nitrogen as a refrigerant is not subject to Section 608 requirements.,True,False,,,A
What is the next component the refrigerant flows to after passing through the evaporator?,Compressor,Condenser,Metering Device,Evaporator,A
"As the temperature of a liquid increases, what phase does it turn into?(Assume constant pressure)",Vapor,1995,2000,2010,A
Does the refrigerant change state in the compressor?,"No, it does not change state",Solid,Liquid,Vapor,A
"When pressure is increased on a liquid while keeping the temperature constant, what state can the substance change into?",Solid,Liquid,Vapor,None of the above,A
The refrigerant absorbs heat from your indoor air in order to: (Select all that apply),Change state from liquid to vapor,Make your house cooler,Both A and B,Neither A nor B,C
Which component has the opposite function to the condenser?,Evaporator,Compressor,Condenser,Metering Device,A
What is the compressor’s job?,To increase the pressure,None of the above,Both A and B,Neither A nor B,A
What is the condenser’s job?,To cool the high pressure vapor,None of the above,Both A and B,Neither A nor B,A
What is the function of the metering device?,To decrease pressure,None of the above,Both A and B,Neither A nor B,A
What is the state of the refrigerant when it enters the condenser?,High pressure vapor,Solid,Liquid,Vapor,A
"Inside the metering device, what change does the refrigerant primarily undergo?",Pressure decreases while it remains a liquid,None of the above,Both A and B,Neither A nor B,A
"When refrigerant exits the metering device, what state is it in?",Low pressure liquid,Solid,Liquid,Vapor,A
"Inside the compressor, what happens to the refrigerant?",Stays a vapor while pressure increases,None of the above,Both A and B,Neither A nor B,A
"When the refrigerant enters the evaporator, what state is it in?",Liquid,Solid,Vapor,None of the above,A
"When the refrigerant exits the evaporator, what state is it in?",Vapor,Solid,Liquid,None of the above,A
What is the state of the refrigerant when it exits the evaporator?,Low pressure vapor,Solid,Liquid,Vapor,A
Which of the following components are associated with the high-pressure side of the refrigeration system? (Select all that apply),Compressor,Condenser,Both A and B,Neither A nor B,C
Which components change the refrigerant’s pressure? (Select all that apply),Compressor,Metering Device,Both A and B,Neither A nor B,C
Which of the following states has the highest temperature? (Assume constant pressure),Vapor,Solid,Liquid,None of the above,A
"At constant pressure, boiling requires the addition of heat.",True,False,,,A
Condensation happens when a gas or vapor cools down and becomes liquid.,True,False,,,A
"For the same substance and at the same pressure, the average speed of the molecules in a vapor is faster than the average speed of molecules in a liquid.",True,False,,,A
"If we decrease the pressure of a substance, its boiling point decreases.",True,False,,,A
"In the condenser, the refrigerant changes state.",True,False,,,A
The boiling point is the temperature at which a substance changes from a liquid state to a vapor or gas state.,True,False,,,A
The boiling point of most refrigerants is 212 °F.,True,False,,,B
The vapor leaving the compressor is lower in pressure than vapor entering the compressor.,True,False,,,B
"You are boiling a pot of water with the lid on. As the water heats up and starts to boil, you notice that drops of water form on the bottom of the pot lid. This is an example of condensation.",True,False,,,A
Your air conditioning works by adding cold air into your house.,True,False,,,B
B2 refrigerants are more dangerous than which of the following? (Select all that apply),B1,A1,A2,All of the above,D
B2 refrigerants are safer than which one of the following?,B3,R-11,R-12,R-22,A
What does CFC stand for?,Chlorofluorocarbons,Chloro-fluorine-carbon,Central-fluorocarbon,Chlorinated-fluoro-cells,A
Which of the following elements do CFCs contain? (Select all that apply),Carbon,Fluorine,Chlorine,All of the above,D
What does HCFC stand for?,Hydrochlorofluorocarbons,Chloro-fluorine-carbon,Central-fluorocarbon,Chlorinated-fluoro-cells,A
"Other than fluorine and chlorine, what do HCFCs contain? (Select all that apply)",Hydrogen,Carbon,Both A and B,Neither A nor B,C
Which of the following elements can be found in HCFCs? (Select all that apply),Fluorine,Chlorine,Both A and B,Neither A nor B,C
What does HFC stand for?,Hydrofluorocarbons,High-fluorocarbons,Hydro-fluoro-cells,Hyper-fluorocarbons,A
Which of the following atoms is part of an HFC molecule?,Hydrogen,Chlorine,Fluorine,Carbon,A
"Other than hydrogen, which of the following molecules do HFCs contain? (Select all that apply)",Fluorine,Carbon,Both A and B,Neither A nor B,C
What safety classification do HFO refrigerants typically fall under?,A2L,A1,A2,A3,A
What does HFO stand for?,Hydrofluoroolefins,Hydro-fluoro-oxide,High-fluoro-olefin,Hydro-fluorine-oxygen,A
Which of the following do HFOs contain?,Hydrogen,Chlorine,Fluorine,Carbon,A
Which of the following do HFOs contain? (Select all that apply),Fluorine,Carbon,Both A and B,Neither A nor B,C
Which statement is true about hydrocarbons?,Are generally A3 refrigerants,None of the above,Both A and B,Neither A nor B,A
"If a refrigerant has an ODP of 0.055, which of the following are true? (Select all that apply)",It contains chlorine,It could be R-22,Both A and B,Neither A nor B,C
"R-410A has a GWP of about 2,088. What does this number mean?","It traps roughly 2,088× as much heat as the same mass of CO₂ over 100 years",Carbon Monoxide,Ozone,Methane,A
Which one of the following refrigerants has the lowest global warming potential (GWP)?,R-1234yf,R-11,R-12,R-22,A
R-11 is the same as,CFC-11,None of the above,Both A and B,Neither A nor B,A
R-12 has a GWP in which of the following ranges?,"10,000-50,000",Carbon Monoxide,Ozone,Methane,A
R-12 is the same as,CFC-12,None of the above,Both A and B,Neither A nor B,A
R-1234yf is the same as:,HFO-1234yf,None of the above,Both A and B,Neither A nor B,A
R-134a is the same as,HFC-134a,None of the above,Both A and B,Neither A nor B,A
R-410a has a GWP in which of the following ranges?,"1000-10,000",Carbon Monoxide,Ozone,Methane,A
R-410a is the same as,HFC-410a,None of the above,Both A and B,Neither A nor B,A
R-134a is the same as:,HFC-134a,None of the above,Both A and B,Neither A nor B,A
The GWP of R-290 is greater than which of the following? (Select all that apply),None of these,Carbon Monoxide,Ozone,Methane,A
What is the main safety concern with R-410a?,Asphyxia,A1,A2,A3,A
What does the new subclass (2L) describe?,Refrigerants that are Class 2 and burn slowly,A1,A2,A3,A
"What is highest possible ODP for any CFC, HCFC, HFC, or HFO refrigerant?",1,R-11,R-12,R-22,A
What is the least possible ODP for a refrigerant?,0,R-11,R-12,R-22,A
What is the ODP of R-441a?,0,100,50,10,A
What is the ODP of R-600a?,0,100,50,10,A
Which of the following classes refers to a refrigerant that has low flammability?,Class 2,A1,A2,A3,A
Which of the following classes refers to a refrigerant that is not flammable at all?,Class 1,A1,A2,A3,A
Which of the following classes refers to a refrigerant with high toxicity?,Class B,A1,A2,A3,A
Which of the following classes refers to a refrigerant with low toxicity?,Class A,A1,A2,A3,A
Which gas is used as a reference for measuring GWP?,Carbon dioxide,Carbon Monoxide,Ozone,Methane,A
Which of the following are CFCs? (Choose all that apply),R-12,R-11,Both A and B,Neither A nor B,C
Which of the following are HCFCs that are seen in most refrigeration systems today?,R-22,R-11,R-12,R-134a,A
Which of the following are HCFCs? (Choose all that apply),R-22,R-123,R-124,All of the above,D
Which of the following refrigerants are HFCs? (Select all that apply),R-134a,R-32,Both A and B,Neither A nor B,C
Why are HFCs still considered harmful to the environment?,Because they increase global warming,None of the above,Both A and B,Neither A nor B,A
What is the chemical name for the HFO refrigerant R-1234yf commonly used in HVAC systems?,Tetrafluoropropene,R-11,R-12,R-22,A
Which of the following statements about carbon dioxide is true? (Select all that apply),Carbon dioxide has a GWP of 1,Carbon dioxide has an ODP of 0,Both A and B,Neither A nor B,C
Which of the following are natural refrigerants? (Select all that apply),R-600a,HC-600a,Both A and B,Neither A nor B,C
Which of the following is NOT a natural refrigerant?,R-130,R-11,R-12,R-22,A
Which of the following refrigerants do not destroy the ozone layer? (Select all that apply),R-1234yf,R-744,Both A and B,Neither A nor B,C
Which safety classification of refrigerants is most dangerous to use?,B3,A1,A2,A3,A
A contractor must choose a refrigerant class for use in an occupied classroom where the lowest combined toxicity and flammability risk is required under ASHRAE Standard 34. Which classification is the best fit?,A1,A2,A3,B1,A
A technician is sorting old cylinders by their impact on ozone before disposal. Which type should be flagged as most harmful to the ozone layer?,CFCs,None of the above,Both A and B,Neither A nor B,A
Which of the following refrigerants have little to no impact on the ozone layer? (Select all that apply),HFCs,HFOs,Both A and B,Neither A nor B,C
Which types of refrigerants have the lowest GWPs? (Select two),HFOs,HCs,Both A and B,Neither A nor B,C
Ammonia is safe to use because it is a natural refrigerant.,True,False,,,B
GWP measures how much heat a greenhouse gas traps in the atmosphere over 100 years compared to carbon monoxide.,True,False,,,B
"If a gas has a GWP of 50, it means it has 50 times less global warming potential than carbon dioxide.",True,False,,,B
"R-410a is an A1 refrigerant. It is considered non-toxic and non-flammable under normal operating conditions, making it one of the safest refrigerants to use.",True,False,,,A
The GWPs of HFOs and HCs are close to those of HCFCs.,True,False,,,B
The lowest number for an ozone depletion potential (ODP) is 1.,True,False,,,B
Which of the following statements about fractionation of refrigerants is true? (select all that apply),Is when refrigerants settle into layers,Happens in vapor phase,Both A and B,Neither A nor B,C
What is temperature glide?,The difference between the bubble and dew point,The difference between suction and discharge,The sum of superheat and subcooling,The critical temperature point,A
What is bubble point?,The temperature at which the first refrigerant in a blend turns to vapor,The temperature at which the first refrigerant turns to liquid,The temperature at which the mixture freezes,The critical pressure point,A
What is the definition of dew point?,The temperature at which the first refrigerant in a blend turns to liquid,The temperature at which the first refrigerant turns to vapor,The temperature at which the mixture boils,The triple point of the blend,A
"A manufacturer lists a refrigerant mixture with R-32 (23%), R-125 (25%), and R-134a (52%). How is this blend classified?",Ternary blend,Binary blend,Azeotropic blend,Single substance,A
Which of the following is considered retrofitting?,Modifying components of the system to use a new refrigerant,Reclaiming refrigerant,Recycling refrigerant,Recovering refrigerant,A
Which of the following are reasons to not mix your own refrigerants?,It voids equipment warranties,The pressure-temperature relationship is unknown,It may cause equipment failure,All of the above,D
"If a refrigerant has a drop-in replacement, then no retrofit is needed.",True,False,,,A
"In a zeotropic blend, all refrigerants have the same boiling point.",True,False,,,B
R-407c is an azeotropic blend.,True,False,,,B
Refrigerant blends need to be charged as a liquid.,True,False,,,A
Refrigerant blends take on the ASHRAE number of the main refrigerant in the blend.,True,False,,,B
Technicians can make their own EPA-approved refrigerant blends.,True,False,,,B
There are no drop-in replacements for R-22 refrigerant.,True,False,,,A
There are no retrofit refrigerants for R-22.,True,False,,,B
"Alkylbenzene (AB) oil is used for systems with which of the following refrigerants? (Select all that apply)",CFC,HCFC,HCFC blends,All of the above,D
"A bottle of hygroscopic refrigerant oil is left uncapped on a humid day and then used in a system. What problem is most likely to show up first?",Water absorption causing ice blockages,Acid formation eating through copper,Compressor overheating,Oil turning into sludge,A
"If we are retrofitting a system to use R-134a, which oil do we need to use?",Polyolester (POE),Alkylbenzene (AB),Mineral Oil (MO),Polyalkylene Glycol (PAG),A
R-1234yf is not miscible with any refrigerant oils.,False,True,,,A
Alkylbenzene (AB) oil is miscible in HCFC refrigerants.,True,False,,,A
An ideal oil is best at handling only high temperatures and high pressures.,False,True,,,A
An ideal oil is readily miscible with the refrigerant in the system.,True,False,,,A
"Provided that the oil is non-flammable at both the initial and final temperatures, it is suitable for use since the system is enclosed.",False,True,,,A
Hydrolysis is when refrigerant oils break down in the presence of water.,True,False,,,A
Polyolester oils are great because they can mix with a lot of other oils.,False,True,,,A
"Which of the following is a common way that leaks can occur?","Wear and tear on old equipment","Poor initial construction","Holes or cracks created accidentally during construction","All of the above",D
"Which of the following is least likely to be a common leak location in HVAC systems?","Piping connections","HVAC Fan","Coils","Valve connections",B
"Which of the following is not a reason why refrigerant leaks are a concern?","They can easily be fixed by all homeowners","HVAC equipment won’t work properly if there is a leak","They can be costly to find and fix","Refrigerants can be harmful to the environment",A
"What information needs to be on the label of a container sent for reclamation?","Refrigerant type","Date manufactured","Cylinder type","All of these",A
"A supplier is loading refrigerant cylinders for transport to a reclaimer. To meet transport rules, how must the cylinders be arranged?","Horizontal with chocks under both ends","Valve-down orientation","loosely packed","Upright and secured against tipping",D
"You’re returning used R-22 from several jobs. What preparation is required before the carrier will accept the shipment?","Any cylinder is fine if it’s upright and strapped down","Recovery cylinder only; no labeling or tags needed","Disposable cylinder is okay if the cap is installed tightly","Recovery cylinder, refrigerant type label, and attach DOT tags",D
"When shipping refrigerants in hazard class 2.2, what information needs to be on the shipping paper?","Number of molecules in the cylinder","Number of times the refrigerant has been used","Number of refrigerants in the cylinder","Number of cylinders of each gas",D
"Where can you find any safety-related information on refrigerants you’re handling?","Safety Information Sheets","Safety Data Sheets","Material Data Sheets","All of these",B
"When sending used refrigerants to be reclaimed, you must use disposable refrigerant cylinders.",True,False,,,B
"Contaminated refrigerants can cause the appliance to:","Last longer","Cool less efficiently","Optimize cooling","None of these",B
"If a household freezer contains R-22, we can retrofit it to operate on:","R-12","R-600A","R‑407A","None of these",C
"If we find refrigerant that is mixed, what should we do?","Destroy it","Send it to the EPA to be reclaimed","Send it to SkillCat to be reclaimed","Send it to a certified reclaiming facility to be reclaimed",D
"If we use nitrogen to pressurize a system or blow debris out (after fully recovering the refrigerant in the appliance), we can?","Recover the nitrogen into the same recovery tank as the refrigerant","Vent the nitrogen","Vent the refrigerant because it’s useless","All of these",B
"What is isobutane?","R-290","An acceptable substitute for all household refrigerators and freezers","An unacceptable substitute for new household refrigerators and freezers","An acceptable substitute for new household refrigerators and freezers",D
"New household refrigerators and freezers can be factory charged with?","R-600a","R-290","Both A and B","None of these",C
"Small appliances include:","Commercial freezers","Commercial refrigerators","Window AC units","All of these",C
"Up to how many pounds of refrigerant can Type I appliances contain?",3,5,15,50,B
"Which of the following statements about hydrocarbons is NOT correct?","Hydrocarbons are acceptable substitutes for retrofit applications","Hydrocarbons are highly flammable","Hydrocarbons can only be factory charged","Hydrocarbons are acceptable substitutes with use conditions",A
"Which of the following is not true?","SNAP lists acceptable substitutes for phased out refrigerants for different categories of end-uses","SNAP is implemented by the EPA","Refrigerants can be classified as unacceptable under SNAP","None of these",D
"Which of the following statements is true about refrigerant recovery?","You can only sell refrigerant that is reclaimed to virgin specifications","Reclaimers can refuse to accept contaminated refrigerant","Reclaimers can charge extra for processing contaminated refrigerant","All of these",D
"Which of the following refrigerants is not covered by the sales restriction of Section 608?","R-717","R-134a","R-22","R-12",A
"Which of these can be vented?","R-717","R-744","R-728","R-134a",A
"Do you expect to see R-22 listed as an acceptable substitute under the SNAP program?",True,False,,,B
"Do you expect to see R-404a in household refrigerators and freezers?",True,False,,,A
"Do you expect to see R-407c in new household refrigerators and freezers?",True,False,,,B
"For R-22, there are no drop-in substitutes.",True,False,,,A
"Hermetically sealed systems are systems that cannot lose refrigerant.",True,False,,,B
"If a humidifier has 60 ounces of R-32, it is considered a Type I appliance under Section 608.",True,False,,,A
"If a humidifier has 90 ounces of R-32, it is considered a Type I appliance under Section 608.",True,False,,,B
"If a water cooler has 14 ounces of R-134a, it is considered a Type I appliance under Section 608.",True,False,,,A
"If I don’t have Section 608 certification, I can buy 3 lb cans of R-134a.",True,False,,,B
"If we have two HFC refrigerants, we can use the same recovery cylinder because they are the same type of refrigerant.",True,False,,,B
"Low loss fittings are required for servicing systems containing ODS in order to comply with the Venting Prohibition.",True,False,,,A
"MVACs are considered Type I appliances under Section 608 but MVAC-like systems are not.",True,False,,,B
"New household refrigerators and freezers containing R-290 can contain 3 lbs of refrigerant.",True,False,,,B
"Nitrogen can be used to pressurize or blow debris out of a system containing a half charge of refrigerant.",True,False,,,B
"Only refrigerant blends without HFCs are acceptable under the SNAP program.",True,False,,,B
"R-450a is an acceptable substitute for use in new household refrigerators and freezers under SNAP. This means new household refrigerators and freezers can be factory charged with R-450a.",True,False,,,A
"Section 608 is part of the Clean Air Act.",True,False,,,A
"The SNAP program could label refrigerant A as an acceptable substitute for use in a chiller but an unacceptable substitute for vending machines.",True,False,,,A
"Trace gases used for leak detection cannot be vented because they contain ODS.",True,False,,,B
"A system with a total refrigerant charge of exactly 3 lb is classified as Type I.",True,False,,,A
"All Type I small appliances must be charged by the technician before first use.",True,False,,,B
"We can retrofit an old appliance to operate on 2 lbs of R-600a.",True,False,,,B
"We only have to recover refrigerants before servicing systems containing CFCs and HCFCs.",True,False,,,B
"A near azeotropic blend will contain:","One saturation pressure value","One high saturation pressure value","Two saturation pressure values that are close","Two saturation pressure values that have a big difference",C
"A zeotropic blend will contain:","One saturation pressure value","One high saturation pressure value","Two saturation pressure values that are close","Two saturation pressure values that have a big difference",D
"Access fittings:","Need to be leak tested before recovering refrigerant","Are used to gain access to closed systems","Are used with window AC units","All of these",D
"Defrost heaters:","Can be used to increase the temperature of refrigerant","Can be used to increase refrigerant recovery speed","Are available in all Type I appliances","None of these",A
"If the compressor is not working and we are performing passive recovery, we need to take steps to do what?","Secure a recovery machine","Vacate the area","Ventilate the working space","Release trapped refrigerant from the compressor oil",D
"If the pressure of the system is found to be 0 psig, can we recover refrigerant from the system?","Yes","No","It depends on how much refrigerant is left","It depends on the type of refrigerant",B
"If the pressure reading and expected pressure are far apart, which of the following are possibly contained in the refrigerant?","Air","Water vapor","Nitrogen","All of these",D
"A sealed household refrigerator has a working compressor and a blocked capillary tube. To recover the charge, what access setup is required?","One access valve on the high side only","Two access valves, one on each side","No access valves; pull through service port","One access valve on the low side only",A
"Solderless piercing valves:","Tend to leak over time","Are for permanent use","Should not be left on the appliance after service","Both (a) and (c)",D
"What does system-dependent recovery mean?","Removes only vapor","Uses separate recovery unit","Requires pump-down","Uses appliance compressor",D
"We can use a known refrigerant’s PT chart to see if there are non-condensables in the refrigerant.","Always true","Only true if we can measure the refrigerant’s temperature","Only true if we can measure the refrigerant’s pressure","Only true if we can measure both the pressure and temperature",D
"What is the approximate pressure of a storage container of R-22 that is stored at 75°F? Assume there are no impurities. PT Chart","131 psig","308 psig","78.8 psig","22 psig",A
"What is the approximate pressure of a storage container of R-404a that is stored at 60°F? Assume there are no impurities. PT Chart","88.2 psig","108 psig","125.8 psig","269 psig",C
"What should we do to recover refrigerant from a system with a compressor that is not working?","Tapping the compressor with the biggest a mallet to maximize surface area","Tapping the compressor with a rubber mallet so we don’t damage it","Heating it with a match","Heating it with a heating blanket",B
"When performing active recovery and the compressor is working, we must recover to what levels?","90% of the refrigerant charge","4 inch vacuum","Both (a) and (b)","Either (a) or (b)",D
"Which method of monitoring fill level is the most accurate?","Gross cylinder weight","Mechanical float device","Electronic shut off device","None of these",A
"Which methods are approved by the EPA to monitor fill level of recovery cylinders?","Mechanical/ Internal Float Devices","Electronic Shut Off Devices","Gross cylinder weight","All of these",D
"Which of the following are types of low loss fittings?","Solder type low loss fittings","Manual low loss fittings","Automatic low loss fittings","Hybrid low loss fittings",B
"Which of the following values do we check if we suspect that non-condensables are present?","Refrigerant pressure","Humidity","Refrigerant type","Refrigerant weight",A
"You are servicing an appliance that contains R-134a. Which of the following can you use to recover the refrigerant?","A recovery cylinder used for HCFC-22","A recovery cylinder used for HFC-134a","A disposable cylinder used for R-134a","A disposable cylinder used for R-22",B
"We need separate recovery cylinders for each class of refrigerants (e.g. HCFCs). For example, we cannot use the same cylinders to recover CFC and HCFC refrigerants. But we can use the same cylinder to recover different HCFC refrigerants.",True,False,,,B
"An active recovery machine is required for all systems. Passive recovery is a thing of the past.",True,False,,,B
"For both active recovery and passive recovery, we must recover 80% of the appliance charge if the compressor is not working.",True,False,,,A
"If a refrigerant’s pressure readings are not stable, we can use its temperature readings to compare to its PT chart to check for non-condensables.",True,False,,,B
"Installing both high and low side access valves will increase recovery time.",True,False,,,B
"Low loss fittings are only needed when recovering from appliances containing ODS and their substitutes.",True,False,,,B
"Low loss fittings are required for servicing appliances containing CFCs, HCFCs, and HFCs because of the Venting Prohibition.",True,False,,,A
"System dependent recovery captures refrigerant in a pressurized container to keep it fresh.",True,False,,,B
"We generally want to leak test access fittings after refrigerant recovery to make sure it does not have leaks for the next service. This is to save us time from leak testing the access fitting the next time around.",True,False,,,B
"When the compressor is not working and we are performing passive recovery, we need to access the system from both the high and low side.",True,False,,,A
"If a recovery device cannot achieve a 4-inch vacuum, which one of the following does it have to be able to do in order to be used with Type I small appliances?","Recover 80% of refrigerant with a working compressor","Recover 80% of refrigerant with a non-working compressor","Recover 90% of refrigerant with a working compressor","Recover 90% of refrigerant with a non-working compressor",B
"If the oil is contaminated, what do we have to do?","Flush the system","Flush the compressor","Flush the recovery device","All of these",A
"Non-condensables would ____ the pressure on the high side of an active recovery device.","Increase","Decrease","Have no effect on",,A
"Recovery devices are tested and certified by:","AHRI only","ASHRAE only","Both AHRI and UL","AHRI, UL, and the EPA",C
"The refrigerant vented off the top of charging cylinders needs to be recovered if it is:","An ozone depleting substance like HCFC","An HFC","A non-exempt substitute","All of these",D
"Vacuum pumps can be used to:","Recover refrigerant","Remove air and other non-condensables","Release refrigerant into the atmosphere","Both (a) and (c)",B
"What are the signs of refrigerant contamination?","Discolored oil","Acidic smell","Both (a) and (b)","None of these",C
"What does the process stub look like in small appliances?","A straight piece of tubing","A straight piece of wiring","A round piece of tubing","None of these",A
"What piece of equipment should we check regularly for leaks?","Recovery device","Recovery vacuum pump","Access fittings","All of these",A
"When the system pressure is found to be 0 psig, what does this indicate?","There has been a leak","There is minimal refrigerant left in the appliance","We cannot recover refrigerant","All of these",D
"Which of the following indicates a compressor burnout in a sealed system?","A pungent smell","A pungent, sweet smell","A pungent taste","All of these",A
"Which of the following statements is true for small appliances?","The EPA requires repair of all leaks above 80% of the leak rate","The EPA does not require repair of leaking small appliances","The AHRI Standard 740 requires repair of leaks","You should not repair leaking small appliances",B
"Which of the following would remove non-condensables from a system?","Filter driers","Flushing the system","Both (a) and (b)",,C
"A recovery device has to achieve a 4-inch vacuum in all circumstances.",True,False,,,B
"All recovery devices need to be tested at a place called AHRI Standard 740.",True,False,,,B
"At high temperatures, what do CFCs and HCFCs decompose to?","Hydrochloric and hydrofluoric acids","Hydrocarbon and hydrofluorocarbons","Chloric and fluoric acids","All of these",A
"Burning CFCs and HCFCs can:","Create toxic vapors that are harmful to inhale","Will produce phosgene gas","Result from cutting or welding pipes containing residual refrigerant","All of these",D
"If refrigerant has been released, what is the first thing you should do?","Locate an exit","Locate a self-contained breathing apparatus","Locate a specially contained breathing apparatus","Locate the leak to stop the fill of dangerous refrigerant",B
"If we cannot find a SCBA, what should we do?","Locate an exit","Vacate the area","Ventilate the area","All of these",D
"Safety markings used in appliances with hydrocarbon refrigerants are:","Applied by technicians to warn other technicians","Permanently made on the equipment during manufacturing","Have to be put on equipment permanently by technicians","All of these",B
"Why must technicians treat refrigerant cylinders as potential explosion hazards?","The steel shell reacts with moisture to create hydrogen","Cylinders absorb room heat, which weakens the shell","Valves always leak after transport, raising pressure","They are stored under pressure and can rupture violently",D
"What piece of equipment is needed on nitrogen tanks when using them to service an appliance?","Refrigerant thermometer","Pressure regulator","Manual gauge","All of these",B
"When do we need to use safety eyewear and butyl-lined gloves?","When testing the quality of refrigerant","When moving refrigerant cylinders","When connecting and disconnecting hoses","When taring the refrigerant scale",C
"Which of the following are areas that do not need to be marked when it comes to appliances that contain HCs?","Outside the refrigerator","Evaporators","Exposed tubing","Inside refrigerator door",D
"Which of the following is needed to protect your hands from refrigerant burns?","Cotton gloves","Butyl-lined gloves","Triple layered gloves","Any of the above",B
"After opening a system for service, a technician suspects moisture is present. Which corrective action should be taken to protect the system?","Purge the condenser to vent vapor","Drain the oil separator completely","Reduce condenser water flow for longer contact time","Install a correctly sized filter drier",D
"Which statement best explains how the compressor heater protects the compressor at start-up?","It heats the compressor oil to boil off any refrigerant mixed in","It raises discharge pressure so the condenser rejects heat more quickly","It dries the moisture in the receiver to stop rust in the liquid line","It preheats suction gas so the evaporator runs at a higher temperature",A
"What visual indication might be seen on a moisture-indicating sight glass if there is moisture in a refrigeration system?","A clear, unobstructed view through the glass","A cloudy mist forming on the sight glass","Scratches or cracks appearing on the glass","Water dripping from the sight glass",B
"Before servicing a rooftop unit, where should you verify the equipment’s official specifications?","The unit’s nameplate","The controller’s live display screen","The last technician’s service sticker","The color chart on the sight glass",A
"Where should a receiver tank be hooked to tap refrigerant in liquid form during service?","On the vapor line, close to the compressor inlet","On the suction line, midway to the evaporator","On the liquid line, close to the condenser outlet","On the discharge line, far from the condenser",C
"When the suction service valve is back-seated, which port is closed?","Suction line and compressor port","Compressor and gauge port","Compressor port","Gauge port",D
"Which of the following components is located just before the compressor?","Receiver","Accumulator","Condenser coils","TEV",B
"Which of the following refrigerants is not used in Type II systems?","R-407C","R-407A","R-245fa","R-22",C
"Which of the following tasks falls within EPA Section 608 Type II work?","Recover R-134a from an MVAC at an auto service bay","Evacuate a low-pressure R-123 centrifugal chiller","Service an R-410A rooftop unit at a supermarket site","Repair a small window AC with less than 5 lbs of refrigerant",C
"A plant chiller sends 52% of its cooling capacity to a chemical process loop and 48% to office HVAC. How is it classified?","Commercial refrigeration","Industrial process refrigeration","Comfort cooling","Ice making refrigeration",B
"A customer has an IPR system with 2000 pounds of R-22 refrigerant that has exceeded its leak rate threshold. How often is the customer required to perform a leak inspection after repair?","Every month","Every 3 months","Every 6 months","Once per calendar year",B
"A supermarket commercial refrigeration rack with 400 lb of R-410A refrigerant was repaired for leaks. How often must leak inspections be performed after repair?","Only if leaks return","Every 3 months","Every 6 months","Once per calendar year",D
"After the leak repair of a cold storage refrigeration system using 2500 pounds of R-410A and a successful initial verification test, when must the follow-up leak verification test be conducted?","The same day","The next day","Within 10 days","Within 30 days",C
"Before leak checks on a newly assembled field-piped system, what factor most strongly affects how many leaks you’re likely to find?","The refrigerant blend chosen for the outdoor unit charge.","The ambient humidity on the day of the initial installation.","The cabinet age of the outdoor section in the condenser","The proficiency of the installer who did the brazing and piping work",D
"On January 10, 2024, an HVAC servicing company disposes of a rooftop unit containing 35 lb of refrigerant. Until what date must the company retain the disposal records at minimum?","January 10, 2026","January 10, 2027","January 10, 2028","January 10, 2025",B
"A 60-lb comfort-cooling unit fails verification after a leak repair. The owner decides to retire it and replace it with a CO₂ (R-744) system, which is exempt from the Venting Prohibition. Under EPA leak-repair rules, the retirement must be completed within:","24 months","6 months","12 months","18 months",D
"During an audit, a facility with several chillers (each containing more than 50 lbs of ODP refrigerant) is asked for records of leak inspections and both verification tests after repairs. For compliance, the owner and operator must keep these records for at least:","2 years","3 years","5 years","Life of the appliance",B
"A grocery store’s 120-lb R-22 rack shows an annualized leak rate of 22% in its 2019 log. Under EPA rules for commercial refrigeration with more than 50 lb, which annual leak-rate threshold triggers the mandatory repair requirement?","10% annually","20% annually","30% annually","40% annually",B
"During a service call on a 60-lb system, you must verify whether the annual leak rate exceeds the EPA limit before topping off. To do that, you first need the system’s full charge. According to EPA rules, which method(s) may be used to determine the full charge?","Calculations based on power consumption, in kWh","Calculations based on tonnage","Calculations based on component and pipe sizes","Calculations based on the BTU capacity of the system",C
"Which of these methods is the best for pinpointing the exact location of a refrigerant leak?","Ultrasonic Leak Detector","Soap Bubble Leak Detection Test","Electronic Leak Detection","Leak Sniffing Method",B
"What is the first step to take to ensure a newly assembled system is leak-free?","Introduce an initial charge of refrigerant","Pressurize with an inert gas and leak check.","Pressurize with the refrigerant to be used in the system.","Pull a vacuum after adding refrigerant",B
"You’re pressure-testing an R-407C field-piped system. A trace gas is required to improve electronic detection. Which setup is code-compliant?","Nitrogen with a trace of R-22","Air with a trace of R-407C","Nitrogen with a trace of R-407C","CO₂ only at moderate pressure",C
"On a hermetic system with suspected leakage, which visual clue around joints and fittings most strongly suggests a slow, ongoing leak?","Bright, clean copper with no discoloration","Uniform frost on every exposed surface","Dull oxide layer with no residue present","Darkened dust stuck to a light oil film",D
"Which of the following installations is classified as commercial refrigeration under EPA leak-repair rules?","A supermarket’s display-case lineup","A bank’s rooftop chiller for offices","A pharma plant brine chiller","An arena ice-rink chiller",A
"Which of the following situations does qualify for an extension of a leak-repair deadline?","No tech available to visit site","Owner wants to delay repair","Budget approval still pending","Critical part is not available",D
"On a high-pressure capillary-tube system, which reading combination most strongly suggests an undercharge from a hidden leak?","High suction pressure with low superheat","High suction pressure with high subcooling","Low suction pressure with high superheat","Normal suction pressure with zero superheat",C
"Which set of actions correctly mothballs an appliance under EPA rules?","Power off the unit and move it to warehouse storage","Isolate the section, shut it down, and evacuate to atmospheric","Close liquid line only; leave suction open; keep it running","Recover to 0 psig, restart, and schedule parts for later",B
"In which of the following cases will charging a system that contains 50+ pounds of ozone-depleting refrigerant require you to calculate its leak rate?","following a retrofit","During the installation of a new appliance","During a qualified seasonal variance","When topping off the system",D
"In a refrigeration compressor, which component is most likely to fail and cause leaks after months of inactivity due to hardened rubber seals?","Pressure relief valve","Rotating shaft seal","Discharge service valve","Head gasket",B
"When drawing deep vacuums, a hermetic recovery machine will:","Run faster than other recovery units","Overheat due to reduced flow of refrigerant through the compressor","Cause high compression of recovered refrigerant","Make the oil used in hermetic compressor to become highly viscous",B
"A technique to speed up the recovery process is:","Use a plastic recovery tank","Cool the recovery cylinder","Use a four-stage vacuum pump","Heat the recovery cylinder",B
"A technician just finished liquid refrigerant recovery on an appliance. What must be done with the remaining refrigerant vapor to finish the recovery process?","Pumped into the receiver by running the compressor","Purged slowly to the atmosphere at low pressure","Isolated in the system until pressure equalizes","Recovered through the vapor line using the recovery unit",D
"During refrigerant recovery, water from the local municipal water supply is used to cool the:","Water-cooled chillers","Hermetic recovery unit","Water-cooled recovery unit","Deionized water recovery unit",C
"Recovering refrigerant from a system in the liquid phase will cause the loss of which of the following?","Water","Oil","Refrigerant","Non-condensables",B
"A technician begins recovery on a supermarket parallel rack without closing isolation valves. The recovery stalls even though the machine is on. What system feature is causing this?","Hot-gas bypass cycling the TXV","Suction accumulator trapping liquid","Shared discharge header equalizing pressure","Crankcase heaters boiling off oil",C
"Self-sealing connectors and hand valves are used because they:","Minimize the chance of an explosion","Minimize refrigerant mixing with the refrigerant oil","Minimize refrigerant release when hoses are connected and disconnected","Prevent vapor lock during liquid transfer",C
"Before filling a cylinder with refrigerant, which step must be performed first?","Purge the cylinder with oxygen","Mix the refrigerant thoroughly","Heat the cylinder","Evacuate the cylinder",D
"What must be completed before connecting a recovery unit to evacuate refrigerant?","Acid testing the refrigerant.","Flushing the recovery unit using nitrogen.","Replace or top up the recovery unit’s oil as needed.","Checking the service valve positions and recovery oil level, when applicable.",D
"When servicing an appliance with a receiver/storage tank:","the compressor discharge valve should be closed","the compressor suction valve should be closed","refrigerant should be pumped down to and isolated in the receiver","a gauge pressure of “0” psia should be achieved by venting",C
"You’re servicing a unit with a receiver tank. The receiver outlet sits higher than the condenser outlet. Where should you pull from to recover correctly?","From the condenser outlet","From the receiver outlet","From the compressor discharge","From the liquid line sight glass",A
"A technician has to make a major repair in an appliance having 1000 pounds of R407C. Which of the following levels must he evacuate the system to? PT Chart","0 psig","25 mm Hg absolute","10 inches of Hg vacuum","15 inches of Hg vacuum",C
"A ____ pressure on the ____ side can confirm the presence of non-condensable gases in the system.","lower; suction","higher; suction","lower; discharge","higher; discharge",D
"How can we charge an 80-pound R407C system with air-cooled components?","Vapor charge through the suction service valve","Vapor charge through the liquid-line service valve","Liquid charge through the suction service valve","Liquid charge through the liquid-line service valve",D
"Refrigerant has been recovered during the replacement of the evaporator coil in an appliance. After the repairs, the refrigerant:","can be filled back into the system","can be sold as it is to another equipment owner","must be reclaimed","must be destroyed",A
"The risk of water in the appliance freezing while charging an R-410A appliance will remain until the system achieves a pressure of approximately: PT Chart","32 psig","63 psig","90 psig","110 psig",D
"Water present in the system can freeze if:","A large vacuum pump is used for evacuation","A recovery unit is used for evacuation","The system’s compressor is used for evacuation","A house vacuum cleaner is used for evacuation",A
"What is the standing pressure of R-410A at 80°F? PT Chart","143 psig","180 psig","235 psig","260 psig",C
"At 0 psig pressure, what is the approximate evaporation temperature of R-134a? PT Chart","-21°Fahrenheit","-15°Fahrenheit","-6°Fahrenheit","0°Fahrenheit",B
"During the evacuation of a moisture-laden chiller, the vacuum stalls, and frost begins to form in the piping. What action should the technician take to restore flow without adding refrigerant?","Add a small refrigerant charge to warm the lines, then pull again","Run the compressor to heat the circuit before continuing evacuation","Open the system to room air to equalize pressure and temperature","Break the vacuum with a brief nitrogen sweep, then resume evacuation",D
"Which units are used to measure a deep vacuum?","Psig","Psia","Inches of Hg","Microns",D
"A ""major repair"" under EPA's regulations would be:","Replacing a condenser coil","Replacing a filter-drier","Replacing a condenser fan motor","Replacing a blower fan motor",A
"An equipment room has an appliance that uses R717. Under ASHRAE Standard 15, which piece of equipment is not compulsory in the room?","Fire extinguisher","Refrigerant Detector","Mechanical ventilation system","Mechanical exhaust fans",B
"Oil foaming in a system can be detected in the:","Condenser","Evaporator","Compressor","Expansion device",C
"A piping sketch shows two pressure relief valves installed one after the other on the same discharge line. What is the correct action?","Reject the design; relief valves must not be in series","Accept if both valves have the same set pressure","Accept with annual testing and documentation","Accept only on large receivers with high charge",A
"The purpose of isopropyl alcohol is:","to regulate the pressure during evacuation","to remove air from the filter drier","to clean ice and dirt off the sight glass","to vent the refrigerant",C
"We would take an ____ if a unit has a compressor burnout, and it is considered a ____.","refrigerant sample; major repair","air sample; minor repair","oil sample; major repair","oil sample; normal repair",C
"When the ____ is closed, the reciprocating compressor might get damaged if it is energized.","discharge service valve","suction service valve","shut-off valve","thermal expansion valve",A
"After opening a system to repair a small leak, a technician pulls a deep vacuum and prepares to recharge. Which component must be replaced before charging?","Filter drier","Sight glass","Liquid receiver","Crankcase heater",A
